{"Average Reward": 30.68, "Average Steps": 4.66, "_timestamp": 1694284128.68661, "_runtime": 40.99038505554199, "_step": 1999, "_wandb": {"runtime": 38}}