{"Average Reward": 30.88, "Average Steps": 4.56, "_timestamp": 1694857204.8055394, "_runtime": 59.40092134475708, "_step": 1999, "_wandb": {"runtime": 59}}